{
  "extends": "tslint:recommended",
  "rulesDirectory": [
    "node_modules/codelyzer"
  ],
  "rules": {
    "align": {
      "options": [
        "parameters",
        "statements"
      ]
    },
    "array-type": false,
    "arrow-return-shorthand": true,
    "curly": true,
    "deprecation": true,
    "eofline": true,
    "import-blacklist": [
      true,
      "rxjs/Rx"
    ],
    "import-spacing": true,
    "indent": [true, "spaces"],
    "max-classes-per-file": false,
    "max-line-length": [
      true,
      {
        "limit": 140,
        "ignore-pattern": "^import |^export {(.*?)}|class [a-zA-Z]+ implements"
      }
    ],
    "member-ordering": [
      true,
      {
        "order": [
          "static-field",
          "instance-field",
          "static-method",
          "instance-method"
        ]
      }
    ],
    "no-consecutive-blank-lines": true,
    "no-console": [
      true,
      "debug",
      "info",
      "time",
      "timeEnd",
      "trace"
    ],
    "no-duplicate-imports": [true, {"allow-namespace-imports": true}],
    "no-duplicate-variable": true,
    "no-empty": false,
    "no-inferrable-types": [
      true,
      "ignore-params"
    ],
    "no-redundant-jsdoc": true,
    "no-switch-case-fall-through": true,
    "object-literal-key-quotes": [
      true,
      "as-needed"
    ],
    "one-line": [
      true,
      "check-catch",
      "check-else"
    ],
    "ordered-imports": true,
    "quotemark": [
      true,
      "single"
    ],
    "semicolon": [true, "always"],
    "space-before-function-paren": {
      "options": {
        "anonymous": "never",
        "asyncArrow": "always",
        "constructor": "never",
        "method": "never",
        "named": "never"
      }
    },
    "trailing-comma": [
      true,
      {
        "multiline": {
          "arrays": "always",
          "exports": "always",
          "functions": "ignore",
          "imports": "always",
          "objects":"always",
          "typeLiterals": "always"
        },
        "singleline": "never",
        "esSpecCompliant": true
      }
    ],
    "typedef": [
      true,
      "parameter",
      "property-declaration"
    ],
    "typedef-whitespace": {
      "options": [
        {
          "call-signature": "nospace",
          "index-signature": "nospace",
          "parameter": "nospace",
          "property-declaration": "nospace",
          "variable-declaration": "nospace"
        },
        {
          "call-signature": "onespace",
          "index-signature": "onespace",
          "parameter": "onespace",
          "property-declaration": "onespace",
          "variable-declaration": "onespace"
        }
      ]
    },
    "whitespace": [
      true,
      "check-branch",
      "check-decl",
      "check-operator",
      "check-module",
      "check-separator",
      "check-rest-spread",
      "check-type",
      "check-typecast",
      "check-type-operator"
    ],
    "component-class-suffix": false,
    "component-selector": [true, "element", "agm", "kebab-case"],
    "contextual-lifecycle": true,
    "directive-class-suffix": false,
    "directive-selector": [true, ["element", "attribute"], "agm", ["kebab-case", "camelCase"]],
    "import-destructuring-spacing": false,
    "no-attribute-decorator": true,
    "no-conflicting-lifecycle": true,
    "no-host-metadata-property": true,
    "no-input-rename": true,
    "no-inputs-metadata-property": true,
    "no-output-native": true,
    "no-output-on-prefix": true,
    "no-output-rename": true,
    "no-outputs-metadata-property": true,
    "pipe-prefix": [true, "agm"],
    "template-banana-in-box": true,
    "template-no-negated-async": true,
    "use-lifecycle-interface": true,
    "use-pipe-transform-interface": true
  }
}
